{
  "metadata": {
    "limit_bars": null,
    "grid_size": "medium",
    "workers": 12,
    "two_stage": true,
    "tune_scenario": "B",
    "total_combinations": 1152
  },
  "results": [
    {
      "params": {
        "ema_fast": 30,
        "ema_slow": 100,
        "adx_th": 30,
        "k_sl": 3.0,
        "k_tp": 2.0,
        "min_sl_points": 8.0,
        "min_tp_points": 5.0
      },
      "trades_A": 10740,
      "expectancy_A": -2.570349448683613,
      "pf_A": 0.8092883910014723,
      "max_drawdown_A": -27974.820957323987,
      "trades_B": 10671,
      "expectancy_B": -3.3965721157779307,
      "pf_B": 0.7560716661145511,
      "max_drawdown_B": -36588.48169759285,
      "trades_C": 10599,
      "expectancy_C": -6.5297610722651465,
      "pf_C": 0.5794160834443088,
      "max_drawdown_C": -69451.24811032336,
      "score_B": 0.7560716661145511
    },
    {
      "params": {
        "ema_fast": 20,
        "ema_slow": 50,
        "adx_th": 30,
        "k_sl": 3.0,
        "k_tp": 2.0,
        "min_sl_points": 5.0,
        "min_tp_points": 8.0
      },
      "trades_A": 10688,
      "expectancy_A": -2.6122045237538405,
      "pf_A": 0.8071151690614514,
      "max_drawdown_A": -28224.59251057568,
      "trades_B": 10628,
      "expectancy_B": -3.463810349629942,
      "pf_B": 0.7528078498902644,
      "max_drawdown_B": -37076.471109841295,
      "trades_C": 10575,
      "expectancy_C": -6.5779416883142,
      "pf_C": 0.5776888170796712,
      "max_drawdown_C": -69772.38175074151,
      "score_B": 0.7528078498902644
    },
    {
      "params": {
        "ema_fast": 30,
        "ema_slow": 100,
        "adx_th": 30,
        "k_sl": 3.0,
        "k_tp": 2.0,
        "min_sl_points": 5.0,
        "min_tp_points": 8.0
      },
      "trades_A": 10688,
      "expectancy_A": -2.584341957633445,
      "pf_A": 0.8091312059680208,
      "max_drawdown_A": -27988.687130046976,
      "trades_B": 10624,
      "expectancy_B": -3.4075124771632104,
      "pf_B": 0.756294401073355,
      "max_drawdown_B": -36548.85122633459,
      "trades_C": 10566,
      "expectancy_C": -6.5418055683333245,
      "pf_C": 0.5798988983954447,
      "max_drawdown_C": -69352.05787815877,
      "score_B": 0.756294401073355
    },
    {
      "params": {
        "ema_fast": 20,
        "ema_slow": 50,
        "adx_th": 30,
        "k_sl": 3.0,
        "k_tp": 2.0,
        "min_sl_points": 8.0,
        "min_tp_points": 8.0
      },
      "trades_A": 10688,
      "expectancy_A": -2.6122045237538405,
      "pf_A": 0.8071151690614514,
      "max_drawdown_A": -28224.59251057568,
      "trades_B": 10628,
      "expectancy_B": -3.463810349629942,
      "pf_B": 0.7528078498902644,
      "max_drawdown_B": -37076.471109841295,
      "trades_C": 10575,
      "expectancy_C": -6.5779416883142,
      "pf_C": 0.5776888170796712,
      "max_drawdown_C": -69772.38175074151,
      "score_B": 0.7528078498902644
    },
    {
      "params": {
        "ema_fast": 20,
        "ema_slow": 50,
        "adx_th": 30,
        "k_sl": 3.0,
        "k_tp": 2.0,
        "min_sl_points": 5.0,
        "min_tp_points": 5.0
      },
      "trades_A": 10740,
      "expectancy_A": -2.602806357943449,
      "pf_A": 0.8069778472883234,
      "max_drawdown_A": -28261.518436608523,
      "trades_B": 10672,
      "expectancy_B": -3.4582040468834245,
      "pf_B": 0.7522848231234406,
      "max_drawdown_B": -37165.27028348809,
      "trades_C": 10605,
      "expectancy_C": -6.572872996939518,
      "pf_C": 0.5769977091474056,
      "max_drawdown_C": -69926.93679159856,
      "score_B": 0.7522848231234406
    },
    {
      "params": {
        "ema_fast": 30,
        "ema_slow": 100,
        "adx_th": 30,
        "k_sl": 3.0,
        "k_tp": 2.0,
        "min_sl_points": 5.0,
        "min_tp_points": 5.0
      },
      "trades_A": 10740,
      "expectancy_A": -2.570349448683613,
      "pf_A": 0.8092883910014723,
      "max_drawdown_A": -27974.820957323987,
      "trades_B": 10671,
      "expectancy_B": -3.3965721157779307,
      "pf_B": 0.7560716661145511,
      "max_drawdown_B": -36588.48169759285,
      "trades_C": 10599,
      "expectancy_C": -6.5297610722651465,
      "pf_C": 0.5794160834443088,
      "max_drawdown_C": -69451.24811032336,
      "score_B": 0.7560716661145511
    },
    {
      "params": {
        "ema_fast": 20,
        "ema_slow": 50,
        "adx_th": 30,
        "k_sl": 3.0,
        "k_tp": 2.0,
        "min_sl_points": 8.0,
        "min_tp_points": 5.0
      },
      "trades_A": 10740,
      "expectancy_A": -2.602806357943449,
      "pf_A": 0.8069778472883234,
      "max_drawdown_A": -28261.518436608523,
      "trades_B": 10672,
      "expectancy_B": -3.4582040468834245,
      "pf_B": 0.7522848231234406,
      "max_drawdown_B": -37165.27028348809,
      "trades_C": 10605,
      "expectancy_C": -6.572872996939518,
      "pf_C": 0.5769977091474056,
      "max_drawdown_C": -69926.93679159856,
      "score_B": 0.7522848231234406
    },
    {
      "params": {
        "ema_fast": 10,
        "ema_slow": 50,
        "adx_th": 30,
        "k_sl": 3.0,
        "k_tp": 2.0,
        "min_sl_points": 8.0,
        "min_tp_points": 8.0
      },
      "trades_A": 10713,
      "expectancy_A": -2.6086675319864865,
      "pf_A": 0.8074175555752858,
      "max_drawdown_A": -28252.005830865874,
      "trades_B": 10649,
      "expectancy_B": -3.4514049408823873,
      "pf_B": 0.7537167785116999,
      "max_drawdown_B": -37017.105929430865,
      "trades_C": 10609,
      "expectancy_C": -6.536749977002059,
      "pf_C": 0.5794693318035132,
      "max_drawdown_C": -69559.02890283363,
      "score_B": 0.7537167785116999
    },
    {
      "params": {
        "ema_fast": 10,
        "ema_slow": 50,
        "adx_th": 30,
        "k_sl": 3.0,
        "k_tp": 2.0,
        "min_sl_points": 5.0,
        "min_tp_points": 5.0
      },
      "trades_A": 10763,
      "expectancy_A": -2.602134739075202,
      "pf_A": 0.8071266421541057,
      "max_drawdown_A": -28314.15434896228,
      "trades_B": 10691,
      "expectancy_B": -3.4456890118214387,
      "pf_B": 0.7532416958098735,
      "max_drawdown_B": -37097.17792053125,
      "trades_C": 10638,
      "expectancy_C": -6.5355296343229945,
      "pf_C": 0.5786411007175923,
      "max_drawdown_C": -69746.58290898295,
      "score_B": 0.7532416958098735
    },
    {
      "params": {
        "ema_fast": 10,
        "ema_slow": 50,
        "adx_th": 30,
        "k_sl": 3.0,
        "k_tp": 2.0,
        "min_sl_points": 8.0,
        "min_tp_points": 5.0
      },
      "trades_A": 10763,
      "expectancy_A": -2.602134739075202,
      "pf_A": 0.8071266421541057,
      "max_drawdown_A": -28314.15434896228,
      "trades_B": 10691,
      "expectancy_B": -3.4456890118214387,
      "pf_B": 0.7532416958098735,
      "max_drawdown_B": -37097.17792053125,
      "trades_C": 10638,
      "expectancy_C": -6.5355296343229945,
      "pf_C": 0.5786411007175923,
      "max_drawdown_C": -69746.58290898295,
      "score_B": 0.7532416958098735
    },
    {
      "params": {
        "ema_fast": 30,
        "ema_slow": 100,
        "adx_th": 30,
        "k_sl": 3.0,
        "k_tp": 2.0,
        "min_sl_points": 8.0,
        "min_tp_points": 8.0
      },
      "trades_A": 10688,
      "expectancy_A": -2.584341957633445,
      "pf_A": 0.8091312059680208,
      "max_drawdown_A": -27988.687130046976,
      "trades_B": 10624,
      "expectancy_B": -3.4075124771632104,
      "pf_B": 0.756294401073355,
      "max_drawdown_B": -36548.85122633459,
      "trades_C": 10566,
      "expectancy_C": -6.5418055683333245,
      "pf_C": 0.5798988983954447,
      "max_drawdown_C": -69352.05787815877,
      "score_B": 0.756294401073355
    },
    {
      "params": {
        "ema_fast": 10,
        "ema_slow": 50,
        "adx_th": 30,
        "k_sl": 3.0,
        "k_tp": 2.0,
        "min_sl_points": 5.0,
        "min_tp_points": 8.0
      },
      "trades_A": 10713,
      "expectancy_A": -2.6086675319864865,