{
  "metadata": {
    "limit_bars": null,
    "grid_size": "small",
    "workers": 7,
    "two_stage": true,
    "tune_scenario": "B",
    "total_combinations": 16
  },
  "results": [
    {
      "params": {
        "ema_fast": 20,
        "ema_slow": 100,
        "adx_period": 14,
        "adx_th": 25,
        "atr_period": 14,
        "k_sl": 3.0,
        "k_tp": 1.5,
        "min_sl_points": 5.0,
        "min_tp_points": 5.0
      },
      "trades_A": 18408,
      "expectancy_A": -2.9642533676734577,
      "pf_A": 0.7450801458285529,
      "max_drawdown_A": -54740.30681502326,
      "trades_B": 18285,
      "expectancy_B": -3.7159735518730703,
      "pf_B": 0.6914068742173202,
      "max_drawdown_B": -68117.95272843348,
      "trades_C": 18065,
      "expectancy_C": -6.609608549247833,
      "pf_C": 0.5116114646486816,
      "max_drawdown_C": -119554.63784428197,
      "score_B": 0.6914068742173202
    },
    {
      "params": {
        "ema_fast": 30,
        "ema_slow": 50,
        "adx_period": 14,
        "adx_th": 25,
        "atr_period": 14,
        "k_sl": 3.0,
        "k_tp": 1.5,
        "min_sl_points": 5.0,
        "min_tp_points": 5.0
      },
      "trades_A": 18446,
      "expectancy_A": -2.978307184593852,
      "pf_A": 0.7441718833488247,
      "max_drawdown_A": -55112.960569367766,
      "trades_B": 18301,
      "expectancy_B": -3.7565758637074644,
      "pf_B": 0.6888291983687186,
      "max_drawdown_B": -68920.03163360382,
      "trades_C": 18067,
      "expectancy_C": -6.625851433878426,
      "pf_C": 0.5107176472347835,
      "max_drawdown_C": -119851.23673524514,
      "score_B": 0.6888291983687186
    },
    {
      "params": {
        "ema_fast": 20,
        "ema_slow": 50,
        "adx_period": 14,
        "adx_th": 25,
        "atr_period": 14,
        "k_sl": 3.0,
        "k_tp": 1.5,
        "min_sl_points": 5.0,
        "min_tp_points": 5.0
      },
      "trades_A": 18456,
      "expectancy_A": -2.8795437597896836,
      "pf_A": 0.7516019830086156,
      "max_drawdown_A": -53319.96587302789,
      "trades_B": 18326,
      "expectancy_B": -3.661680787960294,
      "pf_B": 0.6953242925617606,
      "max_drawdown_B": -67274.89887205366,
      "trades_C": 18070,
      "expectancy_C": -6.525397287832631,
      "pf_C": 0.515829365508151,
      "max_drawdown_C": -118055.90787049924,
      "score_B": 0.6953242925617606
    },
    {
      "params": {
        "ema_fast": 30,
        "ema_slow": 100,
        "adx_period": 14,
        "adx_th": 25,
        "atr_period": 14,
        "k_sl": 3.0,
        "k_tp": 1.5,
        "min_sl_points": 5.0,
        "min_tp_points": 5.0
      },
      "trades_A": 18475,
      "expectancy_A": -3.0040520812771763,
      "pf_A": 0.7422139929142965,
      "max_drawdown_A": -55674.19302448614,
      "trades_B": 18318,
      "expectancy_B": -3.75229601006108,
      "pf_B": 0.6891049125836389,
      "max_drawdown_B": -68905.93464473296,
      "trades_C": 18072,
      "expectancy_C": -6.620517338505225,
      "pf_C": 0.5118893332531064,
      "max_drawdown_C": -119798.04874358635,
      "score_B": 0.6891049125836389
    },
    {
      "params": {
        "ema_fast": 30,
        "ema_slow": 50,
        "adx_period": 14,
        "adx_th": 20,
        "atr_period": 14,
        "k_sl": 3.0,
        "k_tp": 1.5,
        "min_sl_points": 5.0,
        "min_tp_points": 5.0
      },
      "trades_A": 24165,
      "expectancy_A": -2.985144987146362,
      "pf_A": 0.7417354706446653,
      "max_drawdown_A": -72620.07754132064,
      "trades_B": 23965,
      "expectancy_B": -3.751509898031502,
      "pf_B": 0.6868843874827255,
      "max_drawdown_B": -90310.04369018947,
      "trades_C": 23724,
      "expectancy_C": -6.6608479732809425,
      "pf_C": 0.5071887250953244,
      "max_drawdown_C": -158365.80638685325,
      "score_B": 0.6868843874827255
    },
    {
      "params": {
        "ema_fast": 20,
        "ema_slow": 50,
        "adx_period": 14,
        "adx_th": 20,
        "atr_period": 14,
        "k_sl": 3.0,
        "k_tp": 1.5,
        "min_sl_points": 5.0,
        "min_tp_points": 5.0
      },
      "trades_A": 24164,
      "expectancy_A": -2.9333759981222536,
      "pf_A": 0.7457449899928021,
      "max_drawdown_A": -71252.97398989697,
      "trades_B": 23979,
      "expectancy_B": -3.7100866811039395,
      "pf_B": 0.6899009805580044,
      "max_drawdown_B": -89329.66040700547,
      "trades_C": 23714,
      "expectancy_C": -6.653648657542836,
      "pf_C": 0.5076652577500486,
      "max_drawdown_C": -158128.473333707,
      "score_B": 0.6899009805580044
    },
    {
      "params": {
        "ema_fast": 30,
        "ema_slow": 100,
        "adx_period": 14,
        "adx_th": 20,
        "atr_period": 14,
        "k_sl": 3.0,
        "k_tp": 1.5,
        "min_sl_points": 5.0,
        "min_tp_points": 5.0
      },
      "trades_A": 24195,
      "expectancy_A": -3.0305662515279495,
      "pf_A": 0.7383635891321917,
      "max_drawdown_A": -73610.67855217458,
      "trades_B": 23996,
      "expectancy_B": -3.7776131708970513,
      "pf_B": 0.6849960854501266,
      "max_drawdown_B": -90912.19731191416,
      "trades_C": 23723,
      "expectancy_C": -6.719585981025662,
      "pf_C": 0.5041831186774269,
      "max_drawdown_C": -159661.32802107715,
      "score_B": 0.6849960854501266
    },
    {
      "params": {
        "ema_fast": 20,
        "ema_slow": 50,
        "adx_period": 14,
        "adx_th": 25,
        "atr_period": 14,
        "k_sl": 2.0,
        "k_tp": 1.5,
        "min_sl_points": 5.0,
        "min_tp_points": 5.0
      },
      "trades_A": 24732,
      "expectancy_A": -2.703437220181579,
      "pf_A": 0.7279016730890152,
      "max_drawdown_A": -66807.69701088568,
      "trades_B": 24745,
      "expectancy_B": -3.488716964304549,
      "pf_B": 0.6632718387083919,
      "max_drawdown_B": -86274.18396307123,
      "trades_C": 24671,
      "expectancy_C": -6.002424144076171,
      "pf_C": 0.48756425231907846,
      "max_drawdown_C": -148029.42548493232,
      "score_B": 0.6632718387083919
    },
    {
      "params": {
        "ema_fast": 20,
        "ema_slow": 100,
        "adx_period": 14,
        "adx_th": 20,
        "atr_period": 14,
        "k_sl": 3.0,
        "k_tp": 1.5,
        "min_sl_points": 5.0,
        "min_tp_points": 5.0
      },
      "trades_A": 24172,
      "expectancy_A": -3.0115307687248083,
      "pf_A": 0.7395229558841598,
      "max_drawdown_A": -73045.75117303708,
      "trades_B": 24002,
      "expectancy_B": -3.7790144219392436,
      "pf_B": 0.6846432785962323,
      "max_drawdown_B": -90879.89148292072,
      "trades_C": 23739,
      "expectancy_C": -6.663841407786431,
      "pf_C": 0.5062068732178991,
      "max_drawdown_C": -158356.91663711407,
      "score_B": 0.6846432785962323
    },
    {
      "params": {
        "ema_fast": 30,
        "ema_slow": 100,
        "adx_period": 14,
        "adx_th": 20,
        "atr_period": 14,
        "k_sl": 2.0,
        "k_tp": 1.5,
        "min_sl_points": 5.0,
        "min_tp_points": 5.0
      },
      "trades_A": 34380,
      "expectancy_A": -2.6551203062144784,
      "pf_A": 0.7276553544740613,
      "max_drawdown_A": -91453.68470120679,
      "trades_B": 34310,
      "expectancy_B": -3.402107341866763,
      "pf_B": 0.6650377687158179,
      "max_drawdown_B": -116873.33315918817,
      "trades_C": 34302,
      "expectancy_C": -5.957690621393129,
      "pf_C": 0.4842658263194872,
      "max_drawdown_C": -204477.72694839502,
      "score_B": 0.6650377687158179
    }
  ]
}